job_type,job_title,job_link
BankingJobs,BOIRecruitment2024for143OfficersSarkariNaukri,https://sarkarinaukri.com/boi-recruitment-2024/
Bihar(Patna),"BPSCRecruitmentApplicationDeadlineExtendedfor46308HeadTeacher,HeadMasterPosts",https://sarkarinaukri.com/bpsc-recruitment-application-deadline-extended-for-46308-head-teacher-head-master-posts/
Bihar(Patna),BSEBSakshamtaExam2024Resultsdeclared:93.39%Successful,https://sarkarinaukri.com/bseb-sakshamta-exam-2024-results/
CentralRailwayRecruitment2024forSr.ResidentDoctorsSarkariNaukri,CentralRailwayRecruitment2024forSr.ResidentDoctorsSarkariNaukri,https://sarkarinaukri.com/central-railway-recruitment-2024-sarkari-naukri/
ExecutiveJobs,EESLRecruitment2024forHead(HR)SarkariNaukri,https://sarkarinaukri.com/eesl-recruitment-2024-for-head-hr-sarkari-naukri/
EESLRecruitment2024forHead(HR)SarkariNaukri,EESLRecruitment2024forHead(HR)SarkariNaukri,https://sarkarinaukri.com/eesl-recruitment-2024-for-head-hr-sarkari-naukri/
ExecutiveJobs,EESLRecruitment2024forHead(HR)SarkariNaukri,https://sarkarinaukri.com/eesl-recruitment-2024-for-head-hr-sarkari-naukri/
ExecutiveJobs,EESLRecruitment2024forHead(HR)SarkariNaukri,https://sarkarinaukri.com/eesl-recruitment-2024-for-head-hr-sarkari-naukri/
ExecutiveJobs,EESLRecruitment2024forHead(HR)SarkariNaukri,https://sarkarinaukri.com/eesl-recruitment-2024-for-head-hr-sarkari-naukri/
EESLRecruitment2024forHead(HR)SarkariNaukri,EESLRecruitment2024forHead(HR)SarkariNaukri,https://sarkarinaukri.com/eesl-recruitment-2024-for-head-hr-sarkari-naukri/
IndiaGovt.Jobs,EdCILRecruitment2024forConsultantsSarkariNaukri,https://sarkarinaukri.com/edcil-recruitment-2024-for-consultants-sarkari-naukri/
IndiaGovt.Jobs,EdCILRecruitment2024forConsultantsSarkariNaukri,https://sarkarinaukri.com/edcil-recruitment-2024-for-consultants-sarkari-naukri/
IndiaGovt.Jobs,EdCILRecruitment2024forConsultantsSarkariNaukri,https://sarkarinaukri.com/edcil-recruitment-2024-for-consultants-sarkari-naukri/
EdCILRecruitment2024forConsultantsSarkariNaukri,EdCILRecruitment2024forConsultantsSarkariNaukri,https://sarkarinaukri.com/edcil-recruitment-2024-for-consultants-sarkari-naukri/
EdCILRecruitment2024forConsultantsSarkariNaukri,EdCILRecruitment2024forConsultantsSarkariNaukri,https://sarkarinaukri.com/edcil-recruitment-2024-for-consultants-sarkari-naukri/
IndiaGovt.Jobs,EdCILRecruitment2024forConsultantsSarkariNaukri,https://sarkarinaukri.com/edcil-recruitment-2024-for-consultants-sarkari-naukri/
EdCILRecruitment2024forConsultantsSarkariNaukri,EdCILRecruitment2024forConsultantsSarkariNaukri,https://sarkarinaukri.com/edcil-recruitment-2024-for-consultants-sarkari-naukri/
"GACL-NALCORecruitment2024forCEO,COO,CFOSarkariNaukri","GACL-NALCORecruitment2024forCEO,COO,CFOSarkariNaukri",https://sarkarinaukri.com/gacl-nalco-recruitment-2024-sarkari-naukri/
BankingJobs,GICReRecruitment2024forCISOPositionSarkariNaukri,https://sarkarinaukri.com/gic-re-recruitment-2024-sarkari-naukri/
HALRecruitment2024forAEPositionsSarkariNaukri,HALRecruitment2024forAEPositionsSarkariNaukri,https://sarkarinaukri.com/hal-recruitment-2024-for-ae-positions-sarkari-naukri/
EngineeringJobs,HALRecruitment2024forAEPositionsSarkariNaukri,https://sarkarinaukri.com/hal-recruitment-2024-for-ae-positions-sarkari-naukri/
EngineeringJobs,HALRecruitment2024forAEPositionsSarkariNaukri,https://sarkarinaukri.com/hal-recruitment-2024-for-ae-positions-sarkari-naukri/
EngineeringJobs,HALRecruitment2024forAEPositionsSarkariNaukri,https://sarkarinaukri.com/hal-recruitment-2024-for-ae-positions-sarkari-naukri/
EngineeringJobs,HALRecruitment2024forAEPositionsSarkariNaukri,https://sarkarinaukri.com/hal-recruitment-2024-for-ae-positions-sarkari-naukri/
EngineeringJobs,HALRecruitment2024forAEPositionsSarkariNaukri,https://sarkarinaukri.com/hal-recruitment-2024-for-ae-positions-sarkari-naukri/
BankingJobs,"IBPSRecruitment2024forAGM,Professor,OfficersPositions",https://sarkarinaukri.com/ibps-recruitment-2024-for-sarkari-naukri/
IIMMumbaiRecruitment2024forManager–FinanceAccountsSarkariNaukri,IIMMumbaiRecruitment2024forManager–FinanceAccountsSarkariNaukri,https://sarkarinaukri.com/iim-mumbai-recruitment-2024-for-manager-finance-accounts-sarkari-naukri/
FinanceJobs,IIMMumbaiRecruitment2024forManager–FinanceAccountsSarkariNaukri,https://sarkarinaukri.com/iim-mumbai-recruitment-2024-for-manager-finance-accounts-sarkari-naukri/
FinanceJobs,IIMMumbaiRecruitment2024forManager–FinanceAccountsSarkariNaukri,https://sarkarinaukri.com/iim-mumbai-recruitment-2024-for-manager-finance-accounts-sarkari-naukri/
FinanceJobs,IIMMumbaiRecruitment2024forManager–FinanceAccountsSarkariNaukri,https://sarkarinaukri.com/iim-mumbai-recruitment-2024-for-manager-finance-accounts-sarkari-naukri/
IIMMumbaiRecruitment2024forManager–FinanceAccountsSarkariNaukri,IIMMumbaiRecruitment2024forManager–FinanceAccountsSarkariNaukri,https://sarkarinaukri.com/iim-mumbai-recruitment-2024-for-manager-finance-accounts-sarkari-naukri/
FinanceJobs,IIMMumbaiRecruitment2024forManager–FinanceAccountsSarkariNaukri,https://sarkarinaukri.com/iim-mumbai-recruitment-2024-for-manager-finance-accounts-sarkari-naukri/
BankingJobs,IPPBRecruitment2024forExecutivesSarkariNaukri,https://sarkarinaukri.com/ippb-recruitment-2024-for-executives-sarkari-naukri/
Clerical&Assistant,"KeralaPSCRecruitment2024for479Clerk,Cashier,OfficeAttendantSarkariNaukri",https://sarkarinaukri.com/kerala-psc-recruitment-2024-sarkari-naukri/
KeralaPSCRecruitment2024forVariousPostsSarkariNaukri,KeralaPSCRecruitment2024forVariousPostsSarkariNaukri,https://sarkarinaukri.com/kerala-psc-recruitment-2024/
IndiaGovt.Jobs,N/A,
EducationJobs,NIPERRecruitment2024forFacultyPositionsSarkariNaukri,https://sarkarinaukri.com/niper-recruitment-for-sarkari-naukri/
JobNews,OMCExtendsApplicationDeadlineforManagerialPositions,https://sarkarinaukri.com/omc-extends-application-deadline-for-security-positions/
JobNews,OMCExtendsApplicationDeadlineforManagerialPositions,https://sarkarinaukri.com/omc-extends-application-deadline-for-security-positions/
"PLLRecruitment2024forManagers,Dy.ManagersSarkariNaukri","PLLRecruitment2024forManagers,Dy.ManagersSarkariNaukri",https://sarkarinaukri.com/pll-recruitment-2024-sarkari-naukri/
PLLRecruitment2024forProfessionalsacrossvariousDomains,PLLRecruitment2024forProfessionalsacrossvariousDomains,https://sarkarinaukri.com/pll-recruitment-2024/
"RITESRecruitment2024forPL,TL,REthroughWalk-inInterview","RITESRecruitment2024forPL,TL,REthroughWalk-inInterview",https://sarkarinaukri.com/rites-recruitment-2024/
RITESRecruitment2024forSiteEngineersthroughWalk-inInterview,RITESRecruitment2024forSiteEngineersthroughWalk-inInterview,https://sarkarinaukri.com/rites-recruitment-2024-2/
"RVNLRecruitment2024forDPM,EngineersSarkariNaukri","RVNLRecruitment2024forDPM,EngineersSarkariNaukri",https://sarkarinaukri.com/rvnl-recruitment-2024-for-sarkari-naukri/
Exams,RajasthanHighCourtRecruitment2024for222CivilJudgeCadreSarkariNaukri,https://sarkarinaukri.com/rajasthan-high-court-recruitment-2024-sarkari-naukri/
Re-employmentOpportunityforRetiredRailwayShuntersatDFCCIL,Re-employmentOpportunityforRetiredRailwayShuntersatDFCCIL,https://sarkarinaukri.com/re-employment-opportunity-for-retired-railway-shunters-at-dfccil/
JobNews,Re-employmentOpportunityforRetiredRailwayShuntersatDFCCIL,https://sarkarinaukri.com/re-employment-opportunity-for-retired-railway-shunters-at-dfccil/
JobNews,Re-employmentOpportunityforRetiredRailwayShuntersatDFCCIL,https://sarkarinaukri.com/re-employment-opportunity-for-retired-railway-shunters-at-dfccil/
JobNews,Re-employmentOpportunityforRetiredRailwayShuntersatDFCCIL,https://sarkarinaukri.com/re-employment-opportunity-for-retired-railway-shunters-at-dfccil/
JobNews,Re-employmentOpportunityforRetiredRailwayShuntersatDFCCIL,https://sarkarinaukri.com/re-employment-opportunity-for-retired-railway-shunters-at-dfccil/
PSCJobs,UKPSCAnnouncesDocumentVerificationforVeterinaryOfficer-Grade-2Exam2023,https://sarkarinaukri.com/ukpsc-document-verification/
PSCJobs,UKPSCAnnouncesDocumentVerificationforVeterinaryOfficer-Grade-2Exam2023,https://sarkarinaukri.com/ukpsc-document-verification/
PSCJobs,UKPSCAnnouncesDocumentVerificationforVeterinaryOfficer-Grade-2Exam2023,https://sarkarinaukri.com/ukpsc-document-verification/
UPSCAnnouncesEngineeringServices(Preliminary)Exam2024Results,UPSCAnnouncesEngineeringServices(Preliminary)Exam2024Results,https://sarkarinaukri.com/upsc-engineering-services-exam-results/
Marksheet,UPSCMarksheet2023Released:IASTopperAdityaSrivastavaSecuresAIR1with54.27%,https://sarkarinaukri.com/upsc-marksheet-2023-released-ias-topper-aditya-srivastava-secures-air-1-with-54-27/
UPSCMarksheet2023Released:IASTopperAdityaSrivastavaSecuresAIR1with54.27%,UPSCMarksheet2023Released:IASTopperAdityaSrivastavaSecuresAIR1with54.27%,https://sarkarinaukri.com/upsc-marksheet-2023-released-ias-topper-aditya-srivastava-secures-air-1-with-54-27/
UPSCRecruitment2024forAssistantProfessors–CorporateSecretaryshipannounced,UPSCRecruitment2024forAssistantProfessors–CorporateSecretaryshipannounced,https://sarkarinaukri.com/upsc-recruitment-2024-6/
UPSCRecruitment2024forAssistantProfessors–Economics,UPSCRecruitment2024forAssistantProfessors–Economics,https://sarkarinaukri.com/upsc-recruitment-2024-7/
UPSCRecruitment2024forAssistantProfessors–English,UPSCRecruitment2024forAssistantProfessors–English,https://sarkarinaukri.com/upsc-recruitment-2024-8/
AndamanNicobarIslands(PortBlair)Jobs,UPSCRecruitment2024forAssistantProfessor–Hindiannounced,https://sarkarinaukri.com/upsc-recruitment-2024-9/
UPSCRecruitment2024forAssistantProfessor–Hindiannounced,UPSCRecruitment2024forAssistantProfessor–Hindiannounced,https://sarkarinaukri.com/upsc-recruitment-2024-9/
AndamanNicobarIslands(PortBlair)Jobs,UPSCRecruitment2024forAssistantProfessor–Music,https://sarkarinaukri.com/upsc-recruitment-2024-10/
UPSCRecruitment2024forAssistantProfessor–Music,UPSCRecruitment2024forAssistantProfessor–Music,https://sarkarinaukri.com/upsc-recruitment-2024-10/
AndamanNicobarIslands(PortBlair)Jobs,UPSCRecruitment2024forAssistantProfessor–Psychologyannounced,https://sarkarinaukri.com/upsc-recruitment-2024-for-assistant-professor-psychology-announced/
UPSCRecruitment2024forAssistantProfessor–Psychologyannounced,UPSCRecruitment2024forAssistantProfessor–Psychologyannounced,https://sarkarinaukri.com/upsc-recruitment-2024-for-assistant-professor-psychology-announced/
AndamanNicobarIslands(PortBlair)Jobs,UPSCRecruitment2024forAssistantProfessor–Sociology,https://sarkarinaukri.com/upsc-recruitment-2024-for-assistant-professor-sociology/
UPSCRecruitment2024forAssistantProfessor–Sociology,UPSCRecruitment2024forAssistantProfessor–Sociology,https://sarkarinaukri.com/upsc-recruitment-2024-for-assistant-professor-sociology/
